<?xml version="1.0" encoding="UTF-8"?>
<!DOCTYPE module PUBLIC "-//Google Inc.//DTD Google Web Toolkit 1.7.0//EN" "http://google-web-toolkit.googlecode.com/svn/tags/1.7.0/distro-source/core/src/gwt-module.dtd">
<module>
	<super-source path="impl/emul"/>
	<source path="">
		<!-- A restricted Key.java is now provided as super-source -->
		<!-- <include name="Key.java" /> -->
		<include name="NotFoundException.java" />
	</source>
	<source path="condition">
		<exclude name="IfDefault.java" />
	</source>
</module>
